Vehicle_ID,Route_Order,Destination,Order_Number,Box_ID,Stacking_Order,Lower_Left_X,Lower_Left_Y,Lower_Left_Z,Longitude,Latitude,Box_Width,Box_Length,Box_Height,Volume
0,1,Depot,,,,,,,,,,,,
0,2,D_00044,61,B_00061,65,80.0,110.0,140.0,129.073941,35.178325,30,50,40,60000
0,3,D_00013,20,B_00020,64,50.0,130.0,140.0,129.068896,35.176189,30,40,30,36000
0,4,D_00014,21,B_00021,63,110.0,130.0,100.0,129.060913,35.161701,30,50,40,60000
0,5,D_00014,22,B_00022,62,80.0,180.0,90.0,129.060913,35.161701,30,50,40,60000
0,6,D_00043,60,B_00060,61,50.0,180.0,110.0,129.058861,35.160872,30,40,30,36000
0,7,D_00016,24,B_00024,60,0.0,180.0,130.0,129.048426,35.158583,50,60,50,150000
0,8,D_00034,47,B_00047,59,130.0,170.0,60.0,129.050019,35.148393,30,50,40,60000
0,9,D_00042,59,B_00059,58,50.0,180.0,80.0,129.04369,35.156398,30,40,30,36000
0,10,D_00048,66,B_00066,57,0.0,180.0,80.0,129.03575,35.155222,50,60,50,150000
0,11,D_00027,38,B_00038,56,130.0,170.0,30.0,129.033166,35.154793,30,40,30,36000
0,12,D_00003,4,B_00004,55,80.0,170.0,40.0,129.026275,35.152292,50,60,50,150000
0,13,D_00041,58,B_00058,54,30.0,170.0,50.0,129.018715,35.148984,30,40,30,36000
0,14,D_00037,51,B_00051,53,0.0,170.0,50.0,129.018029,35.150288,30,40,30,36000
0,15,D_00140,205,B_00205,52,110.0,170.0,0.0,128.960249,35.113108,30,40,30,36000
0,16,D_00164,239,B_00239,51,80.0,170.0,0.0,128.96643,35.111698,30,50,40,60000
0,17,D_00146,213,B_00213,50,50.0,180.0,0.0,128.966086,35.105796,30,40,30,36000
0,18,D_00148,216,B_00216,49,0.0,180.0,0.0,128.977608,35.108904,50,60,50,150000
0,19,D_00160,233,B_00233,48,50.0,90.0,140.0,128.978889,35.108731,30,40,30,36000
0,20,D_00150,218,B_00218,47,0.0,120.0,120.0,128.975196,35.107139,50,60,50,150000
0,21,D_00145,212,B_00212,46,110.0,90.0,80.0,128.976182,35.102452,30,40,30,36000
0,22,D_00166,242,B_00242,45,60.0,120.0,90.0,128.9752,35.103794,50,60,50,150000
0,23,D_00137,200,B_00200,44,30.0,120.0,90.0,128.974766,35.093179,30,40,30,36000
0,24,D_00153,222,B_00222,43,0.0,120.0,80.0,128.979576,35.091869,30,50,40,60000
0,25,D_00147,215,B_00215,42,120.0,120.0,40.0,128.979239,35.091169,30,50,40,60000
0,26,D_00153,221,B_00221,41,90.0,120.0,40.0,128.979576,35.091869,30,50,40,60000
0,27,D_00147,214,B_00214,40,60.0,120.0,50.0,128.979239,35.091169,30,50,40,60000
0,28,D_00165,241,B_00241,39,30.0,120.0,50.0,128.985987,35.082362,30,50,40,60000
0,29,D_00165,240,B_00240,38,0.0,120.0,40.0,128.985987,35.082362,30,50,40,60000
0,30,D_00157,229,B_00229,37,110.0,120.0,0.0,128.982967,35.071056,30,50,40,60000
0,31,D_00143,208,B_00208,36,80.0,120.0,0.0,128.955506,35.075151,30,50,40,60000
0,32,D_00143,209,B_00209,35,30.0,120.0,0.0,128.955506,35.075151,50,60,50,150000
0,33,D_00138,202,B_00202,34,0.0,120.0,0.0,128.968961,35.086393,30,50,40,60000
0,34,D_00138,201,B_00201,33,100.0,60.0,150.0,128.968961,35.086393,30,50,40,60000
0,35,D_00142,207,B_00207,32,130.0,60.0,110.0,128.95993,35.098075,30,40,30,36000
0,36,D_00136,199,B_00199,31,100.0,60.0,110.0,128.965447,35.101835,30,50,40,60000
0,37,D_00136,198,B_00198,30,70.0,50.0,150.0,128.965447,35.101835,30,40,30,36000
0,38,D_00163,238,B_00238,29,40.0,50.0,150.0,128.961939,35.106605,30,40,30,36000
0,39,D_00155,225,B_00225,28,0.0,50.0,150.0,128.948085,35.109454,30,50,40,60000
0,40,D_00155,226,B_00226,27,130.0,50.0,80.0,128.948085,35.109454,30,40,30,36000
0,41,D_00161,234,B_00234,26,130.0,50.0,50.0,128.969823,35.104577,30,40,30,36000
0,42,D_00161,235,B_00235,25,100.0,50.0,80.0,128.969823,35.104577,30,40,30,36000
0,43,D_00139,203,B_00203,24,50.0,60.0,80.0,128.983776,35.10368,50,60,50,150000
0,44,D_00139,204,B_00204,23,0.0,60.0,100.0,128.983776,35.10368,50,60,50,150000
0,45,D_00162,236,B_00236,22,130.0,60.0,0.0,128.990077,35.101393,30,50,40,60000
0,46,D_00154,224,B_00224,21,80.0,60.0,30.0,128.991209,35.101591,50,60,50,150000
0,47,D_00162,237,B_00237,20,50.0,60.0,40.0,128.990077,35.101393,30,40,30,36000
0,48,D_00154,223,B_00223,19,0.0,60.0,50.0,128.991209,35.101591,50,60,50,150000
0,49,D_00141,206,B_00206,18,130.0,0.0,90.0,128.991402,35.097605,30,40,30,36000
0,50,D_00152,220,B_00220,17,80.0,50.0,0.0,128.997646,35.091551,30,40,30,36000
0,51,D_00156,227,B_00227,16,50.0,60.0,0.0,129.007361,35.085197,30,50,40,60000
0,52,D_00156,228,B_00228,15,40.0,0.0,150.0,129.007361,35.085197,30,50,40,60000
0,53,D_00144,210,B_00210,14,0.0,60.0,0.0,129.008902,35.096334,50,60,50,150000
0,54,D_00144,211,B_00211,13,100.0,0.0,120.0,129.008902,35.096334,50,60,50,150000
0,55,D_00158,230,B_00230,12,0.0,0.0,150.0,129.007927,35.095504,30,50,40,60000
0,56,D_00151,219,B_00219,11,100.0,0.0,80.0,129.004419,35.09026,30,50,40,60000
0,57,D_00159,232,B_00232,10,50.0,0.0,100.0,129.004723,35.102571,50,60,50,150000
0,58,D_00159,231,B_00231,9,130.0,0.0,50.0,129.004723,35.102571,30,50,40,60000
0,59,D_00167,243,B_00243,8,0.0,0.0,100.0,129.003254,35.102601,50,60,50,150000
0,60,D_00149,217,B_00217,7,100.0,0.0,50.0,128.998112,35.103698,30,40,30,36000
0,61,D_00017,25,B_00025,6,50.0,0.0,50.0,129.057319,35.151989,50,60,50,150000
0,62,D_00011,16,B_00016,5,0.0,0.0,50.0,129.061119,35.15978,50,60,50,150000
0,63,D_00021,29,B_00029,4,110.0,0.0,0.0,129.067963,35.163559,50,60,50,150000
0,64,D_00012,17,B_00017,3,80.0,0.0,0.0,129.073719,35.174803,30,50,40,60000
0,65,D_00013,19,B_00019,2,30.0,0.0,0.0,129.068896,35.176189,50,60,50,150000
0,66,D_00049,67,B_00067,1,0.0,0.0,0.0,129.072464,35.178654,30,40,30,36000
0,67,Depot,,,,,,,,,,,,
1,1,Depot,,,,,,,,,,,,
1,2,D_00015,23,B_00023,76,50.0,230.0,70.0,129.065941,35.175169,30,50,40,60000
1,3,D_00052,72,B_00072,75,50.0,230.0,30.0,129.052021,35.177734,30,50,40,60000
1,4,D_00031,43,B_00043,74,0.0,230.0,90.0,129.05286,35.182368,50,60,50,150000
1,5,D_00046,64,B_00064,73,0.0,230.0,30.0,129.052123,35.177994,50,60,50,150000
1,6,D_00006,8,B_00008,72,30.0,230.0,0.0,129.053038,35.178293,30,40,30,36000
1,7,D_00026,37,B_00037,71,0.0,230.0,0.0,129.051086,35.176786,30,40,30,36000
1,8,D_00050,69,B_00069,70,130.0,170.0,130.0,129.045599,35.178636,30,50,40,60000
1,9,D_00050,70,B_00070,69,100.0,170.0,130.0,129.045599,35.178636,30,50,40,60000
1,10,D_00045,63,B_00063,68,130.0,170.0,70.0,129.045096,35.177108,30,40,30,36000
1,11,D_00045,62,B_00062,67,110.0,160.0,100.0,129.045096,35.177108,30,40,30,36000
1,12,D_00022,30,B_00030,66,80.0,170.0,100.0,129.047722,35.184973,30,40,30,36000
1,13,D_00031,44,B_00044,65,50.0,170.0,100.0,129.05286,35.182368,30,50,40,60000
1,14,D_00053,74,B_00074,64,70.0,150.0,140.0,129.051667,35.176709,30,40,30,36000
1,15,D_00052,73,B_00073,63,130.0,170.0,40.0,129.052021,35.177734,30,40,30,36000
1,16,D_00008,11,B_00011,62,30.0,150.0,150.0,129.050358,35.172249,30,50,40,60000
1,17,D_00008,12,B_00012,61,80.0,180.0,50.0,129.050358,35.172249,50,60,50,150000
1,18,D_00055,77,B_00077,60,0.0,150.0,150.0,129.042749,35.162679,30,40,30,36000
1,19,D_00051,71,B_00071,59,130.0,160.0,0.0,129.041795,35.162733,30,50,40,60000
1,20,D_00030,42,B_00042,58,80.0,180.0,0.0,129.038775,35.170402,50,60,50,150000
1,21,D_00020,28,B_00028,57,0.0,150.0,100.0,129.034684,35.166318,50,60,50,150000
1,22,D_00057,80,B_00080,56,30.0,170.0,50.0,129.036339,35.166196,50,60,50,150000
1,23,D_00007,10,B_00010,55,0.0,170.0,50.0,129.025646,35.161635,30,50,40,60000
1,24,D_00007,9,B_00009,54,60.0,100.0,140.0,129.025646,35.161635,30,50,40,60000
1,25,D_00036,49,B_00049,53,30.0,100.0,140.0,129.025641,35.15949,30,40,30,36000
1,26,D_00047,65,B_00065,52,50.0,150.0,0.0,129.02505,35.15442,30,40,30,36000
1,27,D_00003,3,B_00003,51,0.0,170.0,0.0,129.026275,35.152292,50,60,50,150000
1,28,D_00004,6,B_00006,50,100.0,110.0,130.0,129.022085,35.150768,50,60,50,150000
1,29,D_00024,34,B_00034,49,0.0,100.0,130.0,129.026056,35.150653,30,50,40,60000
1,30,D_00024,33,B_00033,48,130.0,110.0,90.0,129.026056,35.150653,30,40,30,36000
1,31,D_00004,5,B_00005,47,100.0,110.0,90.0,129.022085,35.150768,30,50,40,60000
1,32,D_00032,45,B_00045,46,50.0,110.0,90.0,129.018249,35.149394,50,60,50,150000
1,33,D_00037,50,B_00050,45,130.0,120.0,40.0,129.018029,35.150288,30,50,40,60000
1,34,D_00058,81,B_00081,44,80.0,120.0,40.0,129.020046,35.144836,50,60,50,150000
1,35,D_00041,57,B_00057,43,0.0,100.0,100.0,129.018715,35.148984,30,40,30,36000
1,36,D_00038,52,B_00052,42,0.0,60.0,130.0,129.016391,35.144749,30,40,30,36000
1,37,D_00001,1,B_00001,41,80.0,40.0,140.0,129.033916,35.149045,30,40,30,36000
1,38,D_00039,53,B_00053,40,50.0,50.0,140.0,129.034762,35.146514,30,50,40,60000
1,39,D_00033,46,B_00046,39,110.0,110.0,0.0,129.034616,35.147155,30,50,40,60000
1,40,D_00039,54,B_00054,38,80.0,110.0,0.0,129.034762,35.146514,30,50,40,60000
1,41,D_00040,55,B_00055,37,50.0,110.0,30.0,129.036664,35.1494,30,50,40,60000
1,42,D_00040,56,B_00056,36,50.0,110.0,0.0,129.036664,35.1494,30,40,30,36000
1,43,D_00029,41,B_00041,35,0.0,110.0,50.0,129.035871,35.147433,50,60,50,150000
1,44,D_00035,48,B_00048,34,0.0,110.0,0.0,129.040025,35.152192,50,60,50,150000
1,45,D_00010,14,B_00014,33,60.0,50.0,100.0,129.049007,35.15335,30,40,30,36000
1,46,D_00010,15,B_00015,32,30.0,60.0,100.0,129.049007,35.15335,30,50,40,60000
1,47,D_00054,75,B_00075,31,0.0,60.0,100.0,129.054156,35.147536,30,40,30,36000
1,48,D_00054,76,B_00076,30,90.0,50.0,90.0,129.054156,35.147536,50,60,50,150000
1,49,D_00005,7,B_00007,29,60.0,60.0,70.0,129.06169,35.147128,30,40,30,36000
1,50,D_00018,26,B_00026,28,30.0,60.0,70.0,129.059546,35.142568,30,40,30,36000
1,51,D_00028,39,B_00039,27,0.0,60.0,60.0,129.0606,35.142604,30,50,40,60000
1,52,D_00023,31,B_00031,26,120.0,60.0,0.0,129.062335,35.143562,30,50,40,60000
1,53,D_00023,32,B_00032,25,90.0,60.0,40.0,129.062335,35.143562,50,60,50,150000
1,54,D_00028,40,B_00040,24,90.0,60.0,0.0,129.0606,35.142604,30,50,40,60000
1,55,D_00115,169,B_00169,23,60.0,60.0,40.0,129.06626,35.139931,30,40,30,36000
1,56,D_00106,155,B_00155,22,30.0,60.0,40.0,129.067679,35.134294,30,40,30,36000
1,57,D_00128,187,B_00187,21,0.0,60.0,30.0,129.075227,35.134173,30,40,30,36000
1,58,D_00122,178,B_00178,20,60.0,50.0,0.0,129.076695,35.136512,30,50,40,60000
1,59,D_00122,179,B_00179,19,30.0,60.0,0.0,129.076695,35.136512,30,50,40,60000
1,60,D_00105,153,B_00153,18,0.0,60.0,0.0,129.074257,35.136363,30,40,30,36000
1,61,D_00098,142,B_00142,17,110.0,0.0,120.0,129.069024,35.135589,30,50,40,60000
1,62,D_00135,197,B_00197,16,80.0,0.0,150.0,129.069602,35.131978,30,40,30,36000
1,63,D_00106,156,B_00156,15,80.0,0.0,120.0,129.067679,35.134294,30,40,30,36000
1,64,D_00135,196,B_00196,14,40.0,0.0,150.0,129.069602,35.131978,30,50,40,60000
1,65,D_00100,145,B_00145,13,0.0,0.0,150.0,129.069358,35.126716,30,50,40,60000
1,66,D_00120,176,B_00176,12,110.0,0.0,90.0,129.070593,35.125578,30,40,30,36000
1,67,D_00120,175,B_00175,11,80.0,0.0,90.0,129.070593,35.125578,30,40,30,36000
1,68,D_00105,154,B_00154,10,50.0,0.0,90.0,129.074257,35.136363,30,50,40,60000
1,69,D_00107,157,B_00157,9,130.0,0.0,50.0,129.071514,35.142264,30,50,40,60000
1,70,D_00107,158,B_00158,8,0.0,0.0,100.0,129.071514,35.142264,50,60,50,150000
1,71,D_00116,170,B_00170,7,100.0,0.0,50.0,129.07731,35.144025,30,50,40,60000
1,72,D_00025,35,B_00035,6,50.0,0.0,40.0,129.066255,35.153821,50,60,50,150000
1,73,D_00056,79,B_00079,5,0.0,0.0,50.0,129.068485,35.159877,50,60,50,150000
1,74,D_00002,2,B_00002,4,110.0,0.0,0.0,129.071372,35.159031,50,60,50,150000
1,75,D_00056,78,B_00078,3,80.0,0.0,0.0,129.068485,35.159877,30,50,40,60000
1,76,D_00009,13,B_00013,2,50.0,0.0,0.0,129.066877,35.166165,30,50,40,60000
1,77,D_00049,68,B_00068,1,0.0,0.0,0.0,129.072464,35.178654,50,60,50,150000
1,78,Depot,,,,,,,,,,,,
2,1,Depot,,,,,,,,,,,,
2,2,D_00289,421,B_00421,66,0.0,230.0,50.0,129.084868,35.185169,50,60,50,150000
2,3,D_00290,422,B_00422,65,40.0,160.0,150.0,129.085466,35.181405,30,40,30,36000
2,4,D_00296,430,B_00430,64,130.0,180.0,70.0,129.090659,35.176499,30,40,30,36000
2,5,D_00299,435,B_00435,63,0.0,160.0,150.0,129.09405,35.174711,30,50,40,60000
2,6,D_00206,298,B_00298,62,130.0,160.0,40.0,129.099938,35.176668,30,40,30,36000
2,7,D_00217,314,B_00314,61,100.0,180.0,100.0,129.10322,35.172546,50,60,50,150000
2,8,D_00203,294,B_00294,60,100.0,180.0,70.0,129.110674,35.170143,30,40,30,36000
2,9,D_00216,312,B_00312,59,50.0,180.0,100.0,129.114386,35.167044,50,60,50,150000
2,10,D_00208,300,B_00300,58,120.0,100.0,140.0,129.111736,35.168303,30,40,30,36000
2,11,D_00208,301,B_00301,57,0.0,170.0,100.0,129.111736,35.168303,50,60,50,150000
2,12,D_00223,323,B_00323,56,90.0,120.0,140.0,129.116841,35.164317,30,50,40,60000
2,13,D_00216,313,B_00313,55,100.0,180.0,30.0,129.114386,35.167044,30,50,40,60000
2,14,D_00219,317,B_00317,54,50.0,180.0,50.0,129.115064,35.168489,50,60,50,150000
2,15,D_00211,305,B_00305,53,0.0,170.0,50.0,129.111272,35.166514,50,60,50,150000
2,16,D_00210,304,B_00304,52,0.0,120.0,140.0,129.110588,35.163843,30,40,30,36000
2,17,D_00201,292,B_00292,51,130.0,170.0,0.0,129.105772,35.159975,30,50,40,60000
2,18,D_00204,295,B_00295,50,100.0,170.0,0.0,129.115,35.157358,30,40,30,36000
2,19,D_00220,318,B_00318,49,60.0,120.0,130.0,129.114995,35.154554,30,40,30,36000
2,20,D_00212,307,B_00307,48,50.0,180.0,0.0,129.109916,35.153105,50,60,50,150000
2,21,D_00212,306,B_00306,47,0.0,180.0,0.0,129.109916,35.153105,50,60,50,150000
2,22,D_00209,303,B_00303,46,30.0,120.0,130.0,129.110361,35.15274,30,40,30,36000
2,23,D_00209,302,B_00302,45,0.0,120.0,110.0,129.110361,35.15274,30,40,30,36000
2,24,D_00199,290,B_00290,44,90.0,120.0,90.0,129.103703,35.141696,50,60,50,150000
2,25,D_00199,289,B_00289,43,60.0,120.0,90.0,129.103703,35.141696,30,50,40,60000
2,26,D_00129,188,B_00188,42,30.0,120.0,90.0,129.107122,35.138041,30,50,40,60000
2,27,D_00132,193,B_00193,41,0.0,120.0,80.0,129.10434,35.137625,30,40,30,36000
2,28,D_00103,150,B_00150,40,110.0,120.0,40.0,129.103842,35.136521,30,40,30,36000
2,29,D_00129,189,B_00189,39,60.0,120.0,40.0,129.107122,35.138041,50,60,50,150000
2,30,D_00103,151,B_00151,38,30.0,120.0,50.0,129.103842,35.136521,30,50,40,60000
2,31,D_00099,144,B_00144,37,0.0,120.0,50.0,129.101153,35.135662,30,40,30,36000
2,32,D_00099,143,B_00143,36,130.0,50.0,140.0,129.101153,35.135662,30,50,40,60000
2,33,D_00126,184,B_00184,35,100.0,50.0,140.0,129.109204,35.120057,30,40,30,36000
2,34,D_00126,185,B_00185,34,110.0,120.0,0.0,129.109204,35.120057,30,50,40,60000
2,35,D_00111,163,B_00163,33,80.0,120.0,0.0,129.115372,35.120226,30,40,30,36000
2,36,D_00121,177,B_00177,32,50.0,120.0,0.0,129.114334,35.114908,30,50,40,60000
2,37,D_00123,180,B_00180,31,0.0,120.0,0.0,129.111484,35.111022,50,60,50,150000
2,38,D_00109,161,B_00161,30,50.0,60.0,130.0,129.11179,35.108514,50,60,50,150000
2,39,D_00123,181,B_00181,29,0.0,50.0,150.0,129.111484,35.111022,30,50,40,60000
2,40,D_00104,152,B_00152,28,120.0,0.0,140.0,129.111516,35.117413,30,50,40,60000
2,41,D_00108,159,B_00159,27,90.0,0.0,140.0,129.094705,35.124453,30,40,30,36000
2,42,D_00108,160,B_00160,26,60.0,0.0,140.0,129.094705,35.124453,30,50,40,60000
2,43,D_00117,171,B_00171,25,30.0,0.0,140.0,129.090927,35.1283,30,40,30,36000
2,44,D_00125,183,B_00183,24,0.0,0.0,120.0,129.087792,35.126047,30,50,40,60000
2,45,D_00134,195,B_00195,23,110.0,60.0,90.0,129.086537,35.12239,50,60,50,150000
2,46,D_00119,174,B_00174,22,80.0,60.0,100.0,129.085082,35.12024,30,40,30,36000
2,47,D_00118,173,B_00173,21,50.0,60.0,100.0,129.094002,35.130949,30,40,30,36000
2,48,D_00130,190,B_00190,20,0.0,60.0,100.0,129.090592,35.131124,50,60,50,150000
2,49,D_00127,186,B_00186,19,130.0,60.0,50.0,129.086588,35.131205,30,50,40,60000
2,50,D_00102,148,B_00148,18,100.0,60.0,50.0,129.090776,35.134223,30,50,40,60000
2,51,D_00117,172,B_00172,17,50.0,60.0,50.0,129.090927,35.1283,50,60,50,150000
2,52,D_00130,191,B_00191,16,0.0,60.0,50.0,129.090592,35.131124,50,60,50,150000
2,53,D_00102,149,B_00149,15,100.0,60.0,0.0,129.090776,35.134223,50,60,50,150000
2,54,D_00114,167,B_00167,14,50.0,60.0,0.0,129.092379,35.131901,50,60,50,150000
2,55,D_00114,168,B_00168,13,0.0,60.0,0.0,129.092379,35.131901,50,60,50,150000
2,56,D_00124,182,B_00182,12,130.0,0.0,90.0,129.095057,35.133545,30,50,40,60000
2,57,D_00112,164,B_00164,11,80.0,0.0,90.0,129.089287,35.133687,50,60,50,150000
2,58,D_00131,192,B_00192,10,30.0,0.0,90.0,129.087817,35.135377,50,60,50,150000
2,59,D_00113,165,B_00165,9,0.0,0.0,90.0,129.084187,35.139637,30,40,30,36000
2,60,D_00110,162,B_00162,8,100.0,0.0,40.0,129.087592,35.140751,50,60,50,150000
2,61,D_00133,194,B_00194,7,120.0,0.0,0.0,129.084479,35.138525,30,40,30,36000
2,62,D_00113,166,B_00166,6,50.0,0.0,40.0,129.084187,35.139637,50,60,50,150000
2,63,D_00101,146,B_00146,5,0.0,0.0,40.0,129.077962,35.145218,50,60,50,150000
2,64,D_00101,147,B_00147,4,90.0,0.0,0.0,129.077962,35.145218,30,50,40,60000
2,65,D_00025,36,B_00036,3,60.0,0.0,0.0,129.066255,35.153821,30,40,30,36000
2,66,D_00012,18,B_00018,2,30.0,0.0,0.0,129.073719,35.174803,30,50,40,60000
2,67,D_00019,27,B_00027,1,0.0,0.0,0.0,129.071598,35.177147,30,50,40,60000
2,68,Depot,,,,,,,,,,,,
3,1,Depot,,,,,,,,,,,,
3,2,D_00287,417,B_00417,16,130.0,60.0,0.0,129.082678,35.168215,30,50,40,60000
3,3,D_00287,416,B_00416,15,100.0,60.0,0.0,129.082678,35.168215,30,50,40,60000
3,4,D_00217,315,B_00315,14,50.0,60.0,0.0,129.10322,35.172546,50,60,50,150000
3,5,D_00213,309,B_00309,13,130.0,0.0,80.0,129.11019,35.175745,30,40,30,36000
3,6,D_00222,322,B_00322,12,0.0,60.0,0.0,129.117467,35.172361,50,60,50,150000
3,7,D_00225,327,B_00327,11,80.0,0.0,100.0,129.107899,35.175162,50,60,50,150000
3,8,D_00294,428,B_00428,10,50.0,0.0,90.0,129.106487,35.18116,30,40,30,36000
3,9,D_00221,320,B_00320,9,0.0,0.0,90.0,129.103906,35.180255,50,60,50,150000
3,10,D_00294,427,B_00427,8,130.0,0.0,50.0,129.106487,35.18116,30,40,30,36000
3,11,D_00221,319,B_00319,7,80.0,0.0,50.0,129.103906,35.180255,50,60,50,150000
3,12,D_00286,415,B_00415,6,30.0,0.0,40.0,129.091991,35.189053,50,60,50,150000
3,13,D_00283,412,B_00412,5,0.0,0.0,40.0,129.092932,35.188017,30,50,40,60000
3,14,D_00283,411,B_00411,4,90.0,0.0,0.0,129.092932,35.188017,50,60,50,150000
3,15,D_00300,437,B_00437,3,60.0,0.0,0.0,129.095908,35.187242,30,40,30,36000
3,16,D_00300,436,B_00436,2,30.0,0.0,0.0,129.095908,35.187242,30,50,40,60000
3,17,D_00298,434,B_00434,1,0.0,0.0,0.0,129.088084,35.186753,30,50,40,60000
3,18,Depot,,,,,,,,,,,,
4,1,Depot,,,,,,,,,,,,
4,2,D_00072,105,B_00105,73,110.0,170.0,140.0,129.085612,35.19651,30,50,40,60000
4,3,D_00070,103,B_00103,72,100.0,220.0,40.0,129.088869,35.196986,50,60,50,150000
4,4,D_00083,121,B_00121,71,80.0,180.0,140.0,129.084811,35.196572,30,50,40,60000
4,5,D_00073,107,B_00107,70,50.0,180.0,140.0,129.099033,35.199112,30,40,30,36000
4,6,D_00074,108,B_00108,69,0.0,160.0,150.0,129.098934,35.205602,30,50,40,60000
4,7,D_00087,127,B_00127,68,110.0,120.0,150.0,129.099481,35.208707,30,40,30,36000
4,8,D_00281,409,B_00409,67,130.0,220.0,0.0,129.102175,35.213857,30,40,30,36000
4,9,D_00267,387,B_00387,66,100.0,220.0,0.0,129.104588,35.215196,30,50,40,60000
4,10,D_00263,383,B_00383,65,50.0,220.0,0.0,129.114558,35.226254,50,60,50,150000
4,11,D_00256,371,B_00371,64,130.0,90.0,80.0,129.115184,35.227835,30,40,30,36000
4,12,D_00256,370,B_00370,63,130.0,170.0,0.0,129.115184,35.227835,30,50,40,60000
4,13,D_00272,393,B_00393,62,100.0,180.0,90.0,129.116566,35.226128,50,60,50,150000
4,14,D_00272,394,B_00394,61,100.0,170.0,0.0,129.116566,35.226128,30,50,40,60000
4,15,D_00270,391,B_00391,60,50.0,180.0,90.0,129.110759,35.221575,50,60,50,150000
4,16,D_00260,379,B_00379,59,30.0,100.0,140.0,129.114332,35.21535,30,50,40,60000
4,17,D_00260,378,B_00378,58,0.0,110.0,120.0,129.114332,35.21535,30,50,40,60000
4,18,D_00253,367,B_00367,57,0.0,160.0,100.0,129.147706,35.222051,50,60,50,150000
4,19,D_00250,363,B_00363,56,110.0,160.0,40.0,129.156381,35.232667,50,60,50,150000
4,20,D_00235,340,B_00340,55,80.0,160.0,50.0,129.157381,35.231928,30,50,40,60000
4,21,D_00235,341,B_00341,54,50.0,170.0,50.0,129.157381,35.231928,30,40,30,36000
4,22,D_00250,362,B_00362,53,0.0,170.0,50.0,129.156381,35.232667,50,60,50,150000
4,23,D_00236,342,B_00342,52,50.0,160.0,0.0,129.150604,35.223429,50,60,50,150000
4,24,D_00253,366,B_00366,51,0.0,180.0,0.0,129.147706,35.222051,50,60,50,150000
4,25,D_00233,338,B_00338,50,110.0,120.0,110.0,129.131552,35.212053,30,50,40,60000
4,26,D_00233,337,B_00337,49,110.0,120.0,0.0,129.131552,35.212053,30,50,40,60000
4,27,D_00248,358,B_00358,48,130.0,90.0,50.0,129.124791,35.2108,30,40,30,36000
4,28,D_00248,359,B_00359,47,60.0,120.0,110.0,129.124791,35.2108,50,60,50,150000
4,29,D_00252,365,B_00365,46,80.0,100.0,60.0,129.122834,35.209809,50,60,50,150000
4,30,D_00226,328,B_00328,45,30.0,110.0,100.0,129.125413,35.208072,30,50,40,60000
4,31,D_00249,360,B_00360,44,0.0,110.0,80.0,129.130954,35.195041,30,50,40,60000
4,32,D_00247,357,B_00357,43,80.0,100.0,30.0,129.131572,35.196856,30,40,30,36000
4,33,D_00251,364,B_00364,42,30.0,110.0,50.0,129.133095,35.198176,50,60,50,150000
4,34,D_00247,356,B_00356,41,0.0,110.0,50.0,129.131572,35.196856,30,40,30,36000
4,35,D_00230,333,B_00333,40,80.0,100.0,0.0,129.132459,35.196676,30,40,30,36000
4,36,D_00249,361,B_00361,39,50.0,120.0,0.0,129.130954,35.195041,30,40,30,36000
4,37,D_00231,335,B_00335,38,0.0,120.0,0.0,129.128947,35.192031,50,60,50,150000
4,38,D_00239,346,B_00346,37,60.0,60.0,150.0,129.127449,35.192478,30,40,30,36000
4,39,D_00229,332,B_00332,36,110.0,60.0,0.0,129.128336,35.189918,50,60,50,150000
4,40,D_00231,334,B_00334,35,30.0,60.0,150.0,129.128947,35.192031,30,40,30,36000
4,41,D_00243,350,B_00350,34,90.0,60.0,110.0,129.12608,35.18719,50,60,50,150000
4,42,D_00243,351,B_00351,33,60.0,60.0,110.0,129.12608,35.18719,30,50,40,60000
4,43,D_00238,345,B_00345,32,30.0,60.0,120.0,129.125001,35.177393,30,40,30,36000
4,44,D_00244,352,B_00352,31,0.0,60.0,120.0,129.133277,35.173368,30,50,40,60000
4,45,D_00242,349,B_00349,30,120.0,40.0,50.0,129.157018,35.165283,30,50,40,60000
4,46,D_00228,331,B_00331,29,90.0,50.0,70.0,129.162275,35.161357,30,50,40,60000
4,47,D_00241,348,B_00348,28,60.0,50.0,70.0,129.170393,35.161108,30,50,40,60000
4,48,D_00237,343,B_00343,27,30.0,60.0,80.0,129.171179,35.166166,30,50,40,60000
4,49,D_00227,329,B_00329,26,0.0,60.0,80.0,129.200608,35.182562,30,50,40,60000
4,50,D_00234,339,B_00339,25,80.0,50.0,40.0,129.203684,35.18721,30,40,30,36000
4,51,D_00245,353,B_00353,24,30.0,40.0,50.0,129.20222,35.185422,30,40,30,36000
4,52,D_00227,330,B_00330,23,0.0,60.0,40.0,129.200608,35.182562,30,50,40,60000
4,53,D_00246,355,B_00355,22,80.0,50.0,0.0,129.176386,35.177842,30,50,40,60000
4,54,D_00246,354,B_00354,21,30.0,60.0,0.0,129.176386,35.177842,50,60,50,150000
4,55,D_00237,344,B_00344,20,0.0,60.0,0.0,129.171179,35.166166,30,50,40,60000
4,56,D_00232,336,B_00336,19,100.0,0.0,150.0,129.164577,35.162696,30,50,40,60000
4,57,D_00240,347,B_00347,18,130.0,0.0,110.0,129.160877,35.168843,30,50,40,60000
4,58,D_00224,325,B_00325,17,100.0,0.0,120.0,129.124057,35.156715,30,40,30,36000
4,59,D_00202,293,B_00293,16,50.0,0.0,120.0,129.117022,35.159944,50,60,50,150000
4,60,D_00223,324,B_00324,15,120.0,0.0,80.0,129.116841,35.164317,30,40,30,36000
4,61,D_00200,291,B_00291,14,0.0,0.0,110.0,129.119155,35.169813,50,60,50,150000
4,62,D_00218,316,B_00316,13,90.0,0.0,90.0,129.120089,35.172256,30,40,30,36000
4,63,D_00222,321,B_00321,12,60.0,0.0,70.0,129.117467,35.172361,30,50,40,60000
4,64,D_00213,308,B_00308,11,30.0,0.0,80.0,129.11019,35.175745,30,40,30,36000
4,65,D_00225,326,B_00326,10,0.0,0.0,80.0,129.107899,35.175162,30,40,30,36000
4,66,D_00215,311,B_00311,9,120.0,0.0,50.0,129.104748,35.176732,30,40,30,36000
4,67,D_00214,310,B_00310,8,90.0,0.0,50.0,129.109439,35.176158,30,50,40,60000
4,68,D_00198,288,B_00288,7,60.0,0.0,40.0,129.105583,35.176824,30,40,30,36000
4,69,D_00205,296,B_00296,6,30.0,0.0,50.0,129.099687,35.177563,30,40,30,36000
4,70,D_00205,297,B_00297,5,0.0,0.0,50.0,129.099687,35.177563,30,40,30,36000
4,71,D_00207,299,B_00299,4,110.0,0.0,0.0,129.097624,35.174417,50,60,50,150000
4,72,D_00296,431,B_00431,3,80.0,0.0,0.0,129.090659,35.176499,30,50,40,60000
4,73,D_00293,426,B_00426,2,50.0,0.0,0.0,129.088232,35.176413,30,50,40,60000
4,74,D_00297,432,B_00432,1,0.0,0.0,0.0,129.074479,35.184126,50,60,50,150000
4,75,Depot,,,,,,,,,,,,
5,1,Depot,,,,,,,,,,,,
5,2,D_00288,418,B_00418,70,30.0,180.0,130.0,129.079001,35.185699,50,60,50,150000
5,3,D_00289,420,B_00420,69,110.0,160.0,130.0,129.084868,35.185169,30,50,40,60000
5,4,D_00285,414,B_00414,68,80.0,160.0,130.0,129.099043,35.186799,30,50,40,60000
5,5,D_00292,425,B_00425,67,0.0,170.0,140.0,129.097616,35.187704,30,50,40,60000
5,6,D_00282,410,B_00410,66,120.0,150.0,100.0,129.099494,35.188534,30,40,30,36000
5,7,D_00291,423,B_00423,65,90.0,160.0,100.0,129.105228,35.188671,30,40,30,36000
5,8,D_00291,424,B_00424,64,60.0,170.0,90.0,129.105228,35.188671,30,50,40,60000
5,9,D_00086,125,B_00125,63,30.0,160.0,100.0,129.10012,35.198335,30,40,30,36000
5,10,D_00079,114,B_00114,62,0.0,170.0,100.0,129.105396,35.197828,30,50,40,60000
5,11,D_00086,126,B_00126,61,110.0,100.0,140.0,129.10012,35.198335,30,50,40,60000
5,12,D_00079,115,B_00115,60,130.0,100.0,70.0,129.105396,35.197828,30,40,30,36000
5,13,D_00092,134,B_00134,59,80.0,90.0,140.0,129.106986,35.203384,30,50,40,60000
5,14,D_00080,117,B_00117,58,0.0,120.0,140.0,129.108368,35.203263,30,50,40,60000
5,15,D_00080,116,B_00116,57,50.0,90.0,70.0,129.108368,35.203263,30,40,30,36000
5,16,D_00061,86,B_00086,56,110.0,170.0,50.0,129.105436,35.203227,50,60,50,150000
5,17,D_00061,87,B_00087,55,80.0,170.0,50.0,129.105436,35.203227,30,50,40,60000
5,18,D_00092,133,B_00133,54,50.0,170.0,50.0,129.106986,35.203384,30,50,40,60000
5,19,D_00064,92,B_00092,53,0.0,180.0,50.0,129.102587,35.208616,50,60,50,150000
5,20,D_00281,408,B_00408,52,100.0,180.0,0.0,129.102175,35.213857,50,60,50,150000
5,21,D_00097,141,B_00141,51,50.0,180.0,0.0,129.101578,35.211969,50,60,50,150000
5,22,D_00261,381,B_00381,50,120.0,100.0,100.0,129.093574,35.217838,30,50,40,60000
5,23,D_00255,369,B_00369,49,0.0,170.0,0.0,129.099821,35.218457,50,60,50,150000
5,24,D_00254,368,B_00368,48,30.0,120.0,130.0,129.094976,35.216743,50,60,50,150000
5,25,D_00261,380,B_00380,47,90.0,110.0,100.0,129.093574,35.217838,30,50,40,60000
5,26,D_00276,399,B_00399,46,60.0,110.0,100.0,129.090678,35.225561,30,40,30,36000
5,27,D_00277,400,B_00400,45,30.0,120.0,100.0,129.095146,35.227757,30,40,30,36000
5,28,D_00277,401,B_00401,44,0.0,120.0,100.0,129.095146,35.227757,30,50,40,60000
5,29,D_00274,397,B_00397,43,130.0,110.0,30.0,129.092512,35.232909,30,50,40,60000
5,30,D_00278,402,B_00402,42,80.0,110.0,50.0,129.113679,35.292928,50,60,50,150000
5,31,D_00278,403,B_00403,41,50.0,120.0,30.0,129.113679,35.292928,30,50,40,60000
5,32,D_00259,377,B_00377,40,0.0,120.0,50.0,129.090841,35.282824,50,60,50,150000
5,33,D_00259,376,B_00376,39,130.0,110.0,0.0,129.090841,35.282824,30,40,30,36000
5,34,D_00258,375,B_00375,38,80.0,120.0,0.0,129.08953,35.276824,50,60,50,150000
5,35,D_00273,395,B_00395,37,50.0,120.0,0.0,129.089794,35.270323,30,40,30,36000
5,36,D_00258,374,B_00374,36,120.0,40.0,150.0,129.08953,35.276824,30,40,30,36000
5,37,D_00262,382,B_00382,35,0.0,110.0,0.0,129.077189,35.278728,50,60,50,150000
5,38,D_00280,406,B_00406,34,80.0,40.0,150.0,129.087949,35.268798,30,50,40,60000
5,39,D_00280,407,B_00407,33,110.0,40.0,100.0,129.087949,35.268798,50,60,50,150000
5,40,D_00266,386,B_00386,32,80.0,50.0,110.0,129.091272,35.265758,30,40,30,36000
5,41,D_00264,384,B_00384,31,40.0,60.0,150.0,129.092538,35.263502,30,50,40,60000
5,42,D_00257,372,B_00372,30,0.0,60.0,150.0,129.086526,35.259328,30,50,40,60000
5,43,D_00257,373,B_00373,29,110.0,60.0,70.0,129.086526,35.259328,30,40,30,36000
5,44,D_00269,390,B_00390,28,80.0,60.0,70.0,129.086975,35.25507,30,50,40,60000
5,45,D_00268,389,B_00389,27,50.0,50.0,90.0,129.087658,35.23792,30,40,30,36000
5,46,D_00268,388,B_00388,26,0.0,60.0,100.0,129.087658,35.23792,50,60,50,150000
5,47,D_00271,392,B_00392,25,130.0,60.0,40.0,129.085861,35.237521,30,40,30,36000
5,48,D_00275,398,B_00398,24,100.0,60.0,40.0,129.08721,35.235643,30,40,30,36000
5,49,D_00279,404,B_00404,23,50.0,40.0,50.0,129.086717,35.230023,30,50,40,60000
5,50,D_00274,396,B_00396,22,130.0,60.0,0.0,129.092512,35.232909,30,50,40,60000
5,51,D_00265,385,B_00385,21,0.0,60.0,50.0,129.093157,35.230172,50,60,50,150000
5,52,D_00279,405,B_00405,20,100.0,60.0,0.0,129.086717,35.230023,30,50,40,60000
5,53,D_00069,101,B_00101,19,50.0,60.0,0.0,129.074912,35.221187,50,60,50,150000
5,54,D_00069,102,B_00102,18,0.0,50.0,0.0,129.074912,35.221187,50,60,50,150000
5,55,D_00076,110,B_00110,17,110.0,0.0,130.0,129.081589,35.221911,30,40,30,36000
5,56,D_00084,122,B_00122,16,80.0,0.0,140.0,129.084979,35.219934,30,40,30,36000
5,57,D_00089,129,B_00129,15,30.0,0.0,130.0,129.090914,35.214472,50,60,50,150000
5,58,D_00089,130,B_00130,14,0.0,0.0,120.0,129.090914,35.214472,30,50,40,60000
5,59,D_00085,124,B_00124,13,110.0,0.0,100.0,129.093132,35.207818,30,40,30,36000
5,60,D_00085,123,B_00123,12,80.0,0.0,100.0,129.093132,35.207818,30,50,40,60000
5,61,D_00093,135,B_00135,11,50.0,0.0,90.0,129.08385,35.20691,30,50,40,60000
5,62,D_00059,83,B_00083,10,50.0,0.0,60.0,129.088612,35.202415,30,40,30,36000
5,63,D_00063,90,B_00090,9,0.0,0.0,70.0,129.082038,35.203609,50,60,50,150000
5,64,D_00095,138,B_00138,8,90.0,0.0,50.0,129.084347,35.206248,50,60,50,150000
5,65,D_00059,82,B_00082,7,60.0,0.0,30.0,129.088612,35.202415,30,40,30,36000
5,66,D_00063,91,B_00091,6,30.0,0.0,30.0,129.082038,35.203609,30,40,30,36000
5,67,D_00078,113,B_00113,5,0.0,0.0,40.0,129.087342,35.199433,30,40,30,36000
5,68,D_00078,112,B_00112,4,90.0,0.0,0.0,129.087342,35.199433,50,60,50,150000
5,69,D_00072,106,B_00106,3,60.0,0.0,0.0,129.085612,35.19651,30,40,30,36000
5,70,D_00295,429,B_00429,2,30.0,0.0,0.0,129.083311,35.186949,30,40,30,36000
5,71,D_00288,419,B_00419,1,0.0,0.0,0.0,129.079001,35.185699,30,50,40,60000
5,72,Depot,,,,,,,,,,,,
6,1,Depot,,,,,,,,,,,,
6,2,D_00297,433,B_00433,71,0.0,180.0,100.0,129.074479,35.184126,50,60,50,150000
6,3,D_00284,413,B_00413,70,80.0,100.0,150.0,129.074467,35.194077,30,50,40,60000
6,4,D_00068,99,B_00099,69,40.0,140.0,150.0,129.071884,35.205574,30,50,40,60000
6,5,D_00082,120,B_00120,68,0.0,140.0,150.0,129.075284,35.211052,30,50,40,60000
6,6,D_00182,263,B_00263,67,50.0,180.0,40.0,129.02946,35.209936,30,40,30,36000
6,7,D_00181,262,B_00262,66,130.0,140.0,90.0,129.037313,35.209103,30,50,40,60000
6,8,D_00173,253,B_00253,65,0.0,180.0,50.0,129.040139,35.207672,50,60,50,150000
6,9,D_00190,276,B_00276,64,100.0,140.0,110.0,129.039597,35.204819,30,50,40,60000
6,10,D_00190,277,B_00277,63,130.0,170.0,60.0,129.039597,35.204819,30,40,30,36000
6,11,D_00168,245,B_00245,62,100.0,170.0,70.0,129.039136,35.208258,30,50,40,60000
6,12,D_00177,257,B_00257,61,130.0,170.0,30.0,129.044366,35.209285,30,40,30,36000
6,13,D_00168,244,B_00244,60,100.0,170.0,30.0,129.039136,35.208258,30,50,40,60000
6,14,D_00181,261,B_00261,59,130.0,90.0,110.0,129.037313,35.209103,30,50,40,60000
6,15,D_00176,256,B_00256,58,120.0,40.0,150.0,129.03376,35.215641,30,50,40,60000
6,16,D_00171,250,B_00250,57,40.0,90.0,150.0,129.018446,35.211895,30,50,40,60000
6,17,D_00196,286,B_00286,56,0.0,90.0,150.0,129.013194,35.214337,30,50,40,60000
6,18,D_00195,283,B_00283,55,110.0,150.0,0.0,129.007251,35.209843,30,40,30,36000
6,19,D_00194,282,B_00282,54,80.0,170.0,0.0,129.007661,35.203918,30,40,30,36000
6,20,D_00180,260,B_00260,53,50.0,170.0,0.0,129.00249,35.202221,30,50,40,60000
6,21,D_00192,280,B_00280,52,0.0,170.0,0.0,129.00406,35.203109,50,60,50,150000
6,22,D_00188,273,B_00273,51,50.0,120.0,100.0,129.009518,35.198647,50,60,50,150000
6,23,D_00183,264,B_00264,50,0.0,120.0,100.0,129.008047,35.197785,50,60,50,150000
6,24,D_00188,274,B_00274,49,50.0,120.0,50.0,129.009518,35.198647,50,60,50,150000
6,25,D_00183,265,B_00265,48,130.0,80.0,80.0,129.008047,35.197785,30,40,30,36000
6,26,D_00192,279,B_00279,47,0.0,120.0,50.0,129.00406,35.203109,50,60,50,150000
6,27,D_00175,255,B_00255,46,100.0,90.0,80.0,129.009769,35.205622,30,50,40,60000
6,28,D_00174,254,B_00254,45,100.0,110.0,30.0,129.010596,35.206769,50,60,50,150000
6,29,D_00195,284,B_00284,44,90.0,50.0,140.0,129.007251,35.209843,30,50,40,60000
6,30,D_00189,275,B_00275,43,130.0,90.0,0.0,129.002637,35.206195,30,40,30,36000
6,31,D_00193,281,B_00281,42,100.0,110.0,0.0,128.999866,35.204965,30,40,30,36000
6,32,D_00172,251,B_00251,41,50.0,110.0,0.0,128.993678,35.199148,50,60,50,150000
6,33,D_00172,252,B_00252,40,0.0,110.0,0.0,128.993678,35.199148,50,60,50,150000
6,34,D_00186,270,B_00270,39,60.0,50.0,130.0,128.991615,35.196568,30,40,30,36000
6,35,D_00187,272,B_00272,38,130.0,40.0,110.0,128.991463,35.199427,30,50,40,60000
6,36,D_00187,271,B_00271,37,100.0,50.0,110.0,128.991463,35.199427,30,40,30,36000
6,37,D_00179,259,B_00259,36,30.0,40.0,130.0,128.998088,35.206854,30,50,40,60000
6,38,D_00196,285,B_00285,35,0.0,40.0,130.0,129.013194,35.214337,30,50,40,60000
6,39,D_00170,248,B_00248,34,130.0,40.0,80.0,129.012233,35.221853,30,40,30,36000
6,40,D_00170,249,B_00249,33,120.0,40.0,50.0,129.012233,35.221853,30,40,30,36000
6,41,D_00178,258,B_00258,32,100.0,50.0,80.0,129.013634,35.227682,30,40,30,36000
6,42,D_00169,247,B_00247,31,90.0,50.0,50.0,129.01348,35.249732,30,40,30,36000
6,43,D_00169,246,B_00246,30,60.0,40.0,50.0,129.01348,35.249732,30,40,30,36000
6,44,D_00197,287,B_00287,29,50.0,60.0,80.0,129.016869,35.237778,50,60,50,150000
6,45,D_00184,267,B_00267,28,30.0,40.0,50.0,129.020963,35.240988,30,40,30,36000
6,46,D_00184,266,B_00266,27,0.0,60.0,80.0,129.020963,35.240988,50,60,50,150000
6,47,D_00185,268,B_00268,26,0.0,50.0,50.0,129.012197,35.226955,30,40,30,36000
6,48,D_00185,269,B_00269,25,120.0,0.0,150.0,129.012197,35.226955,30,40,30,36000
6,49,D_00191,278,B_00278,24,130.0,0.0,90.0,129.02753,35.213693,30,40,30,36000
6,50,D_00096,139,B_00139,23,130.0,40.0,0.0,129.069751,35.202015,30,50,40,60000
6,51,D_00062,89,B_00089,22,80.0,50.0,0.0,129.067327,35.198944,50,60,50,150000
6,52,D_00071,104,B_00104,21,50.0,50.0,0.0,129.063409,35.199114,30,50,40,60000
6,53,D_00090,131,B_00131,20,0.0,50.0,0.0,129.064279,35.197601,50,60,50,150000
6,54,D_00060,85,B_00085,19,120.0,0.0,120.0,129.058541,35.199671,30,40,30,36000
6,55,D_00075,109,B_00109,18,90.0,0.0,130.0,129.053626,35.199164,30,50,40,60000
6,56,D_00060,84,B_00084,17,60.0,0.0,130.0,129.058541,35.199671,30,50,40,60000
6,57,D_00065,93,B_00093,16,30.0,0.0,130.0,129.065087,35.20394,30,40,30,36000
6,58,D_00094,136,B_00136,15,0.0,0.0,130.0,129.064513,35.208803,30,40,30,36000
6,59,D_00067,97,B_00097,14,130.0,0.0,60.0,129.064985,35.212143,30,40,30,36000
6,60,D_00067,98,B_00098,13,100.0,0.0,80.0,129.064985,35.212143,30,50,40,60000
6,61,D_00094,137,B_00137,12,120.0,0.0,30.0,129.064513,35.208803,30,40,30,36000
6,62,D_00065,94,B_00094,11,50.0,0.0,80.0,129.065087,35.20394,50,60,50,150000
6,63,D_00062,88,B_00088,10,0.0,0.0,80.0,129.067327,35.198944,50,60,50,150000
6,64,D_00096,140,B_00140,9,90.0,0.0,40.0,129.069751,35.202015,30,50,40,60000
6,65,D_00081,118,B_00118,8,60.0,0.0,30.0,129.072392,35.202469,30,40,30,36000
6,66,D_00088,128,B_00128,7,30.0,0.0,40.0,129.075588,35.204144,30,40,30,36000
6,67,D_00091,132,B_00132,6,0.0,0.0,40.0,129.072901,35.20607,30,50,40,60000
6,68,D_00068,100,B_00100,5,120.0,0.0,0.0,129.071884,35.205574,30,40,30,36000
6,69,D_00082,119,B_00119,4,90.0,0.0,0.0,129.075284,35.211052,30,50,40,60000
6,70,D_00066,95,B_00095,3,60.0,0.0,0.0,129.07534,35.211168,30,40,30,36000
6,71,D_00077,111,B_00111,2,30.0,0.0,0.0,129.077939,35.213372,30,50,40,60000
6,72,D_00066,96,B_00096,1,0.0,0.0,0.0,129.07534,35.211168,30,50,40,60000
6,73,Depot,,,,,,,,,,,,
